"ano","nome_acao","cod_acao","unidade_orcamentaria","valor_pago"
"2000","Campanha Educativa para Prevenção de Acidentes de Trânsito ","1706","Fundo Nacional de Segurança e Educação do Trânsito ","3865140.45"
"2000","Certificação de Equipamentos para a Fiscalização de Trânsito ","2703","Fundo Nacional de Segurança e Educação do Trânsito ","0"
"2000","Estudos para Inserção Curricular de Educação para o Trânsito no Sistema de Ensino ","1769","Fundo Nacional de Segurança e Educação do Trânsito ","1317898"
"2000","Estudos para Inserção Curricular de Educação para o Trânsito no Sistema de Ensino ","1769","Ministério da Justiça ","0"
"2000","Estudos para a Segurança do Trânsito ","5576","Departamento Nacional de Estradas de Rodagem ","1187994.49"
"2000","Implantação da Municipalização do Trânsito ","3819","Ministério da Justiça ","4770"
"2000","Implantação do Sistema Nacional de Estatística de Trânsito - Sinet ","1802","Ministério da Justiça ","0"
"2000","Inspeção dos Órgãos de Trânsito ","2716","Ministério da Justiça ","956521.03"
"2000","Patrulhamento Ostensivo e Controle de Trânsito nas Rodovias e Estradas Federais ","2723","Departamento de Polícia Rodoviária Federal ","19081152.11"
"2000","Sistema Nacional de Estatística de Trânsito - Sinet ","2741","Fundo Nacional de Segurança e Educação do Trânsito ","1863113.40"
"2001","Apoio a Projetos Intersetoriais de Prevenção de Acidentes de Trânsito","1243","Ministério da Justiça ","17564198.88"
"2001","Campanha Educativa para Prevenção de Acidentes de Trânsito","1706","Fundo Nacional de Segurança e Educação do Trânsito ","8799304.86"
"2001","Certificação de Equipamentos para a Fiscalização de Trânsito","2703","Fundo Nacional de Segurança e Educação do Trânsito ","2558"
"2001","Estudos para Inserção Curricular de Educação para o Trânsito no Sistema de Ensino","1769","Fundo Nacional de Segurança e Educação do Trânsito ","4881955"
"2001","Estudos para Inserção Curricular de Educação para o Trânsito no Sistema de Ensino","1769","Ministério da Justiça ","856992.7"
"2001","Estudos para a Segurança do Trânsito","5576","Departamento Nacional de Estradas de Rodagem ","126784.03"
"2001","Implantação da Municipalização do Trânsito","3819","Ministério da Justiça ","0"
"2001","Implantação do Sistema Nacional de Estatística de Trânsito - SINET","1802","Ministério da Justiça ","40000"
"2001","Inspeção dos Órgãos de Trânsito","2716","Ministério da Justiça ","2053383.17"
"2001","Patrulhamento Ostensivo e Controle de Trânsito nas Rodovias e Estradas Federais","2723","Departamento de Polícia Rodoviária Federal ","32695707.24"
"2001","Sistema Nacional de Estatística de Trânsito - SINET","2741","Fundo Nacional de Segurança e Educação do Trânsito ","1873991.46"
"2001","Vigilância e Fiscalização do Trânsito Internacional de Animais e seus Produtos","2181","Ministério da Agricultura, Pecuária e  Abastecimento ","2970379.46"
"2001","Vigilância e Fiscalização do Trânsito Internacional de Vegetais e seus Produtos","2180","Ministério da Agricultura, Pecuária e  Abastecimento ","1498500.64"
"2002","Apoio a Projetos Intersetoriais de Prevenção de Acidentes de Trânsito ","1243","Ministério da Justiça ","7243209.57"
"2002","Campanha Educativa para Prevenção de Acidentes de Trânsito ","1706","Fundo Nacional de Segurança e Educação do Trânsito ","6748839.40"
"2002","Capacitação de Agentes para a Fiscalização de Trânsito e Habilitação de Condutores ","1711","Fundo Nacional de Segurança e Educação do Trânsito ","477525.41"
"2002","Certificação de Equipamentos para a Fiscalização de Trânsito ","2703","Fundo Nacional de Segurança e Educação do Trânsito ","2068.64"
"2002","Estudos para Inserção Curricular de Educação para o Trânsito no Sistema de Ensino ","1769","Fundo Nacional de Segurança e Educação do Trânsito ","2240470.34"
"2002","Implantação da Municipalização do Trânsito ","3819","Ministério da Justiça ","1204.89"
"2002","Implantação do Sistema Nacional de Estatística de Trânsito - SINET ","1802","Ministério da Justiça ","1066.19"
"2002","Inspeção dos Órgãos de Trânsito ","2716","Ministério da Justiça ","590905.73"
"2002","Patrulhamento Ostensivo e Controle de Trânsito nas Rodovias e Estradas Federais ","2723","Departamento de Polícia Rodoviária Federal ","26691661.16"
"2002","Sistema Nacional de Estatística de Trânsito - SINET ","2741","Fundo Nacional de Segurança e Educação do Trânsito ","1215485.66"
"2002","Vigilância e Fiscalização do Trânsito Interestadual de Animais e seus Produtos ","2139","Ministério da Agricultura, Pecuária e Abastecimento ","23651372.08"
"2002","Vigilância e Fiscalização do Trânsito Interestadual de Vegetais e seus Produtos ","2134","Ministério da Agricultura, Pecuária e Abastecimento ","7380936.43"
"2002","Vigilância e Fiscalização do Trânsito Internacional de Animais e seus Produtos ","2181","Ministério da Agricultura, Pecuária e Abastecimento ","3522267.10"
"2002","Vigilância e Fiscalização do Trânsito Internacional de Vegetais e seus Produtos ","2180","Ministério da Agricultura, Pecuária e Abastecimento ","1830873.85"
"2003","Apoio a Projetos Intersetoriais de Prevenção de Acidentes de Trânsito","1243","Ministério da Justiça","0"
"2003","Apoio a Projetos Intersetoriais de Prevenção de Acidentes de Trânsito","1243","Ministério das Cidades","4422373.14"
"2003","Campanha Educativa para Prevenção de Acidentes de Trânsito","1706","Fundo Nacional de Segurança e Educação do Trânsito","0"
"2003","Campanha Educativa para Prevenção de Acidentes de Trânsito","1706","Fundo Nacional de Segurança e Educação do Trânsito ","314366.00"
"2003","Capacitação de Agentes para a Fiscalização de Trânsito e Habilitação de Condutores","1711","Fundo Nacional de Segurança e Educação do Trânsito","0"
"2003","Capacitação de Agentes para a Fiscalização de Trânsito e Habilitação de Condutores","1711","Fundo Nacional de Segurança e Educação do Trânsito ","0"
"2003","Certificação de Equipamentos para a Fiscalização de Trânsito","2703","Fundo Nacional de Segurança e Educação do Trânsito","0"
"2003","Certificação de Equipamentos para a Fiscalização de Trânsito","2703","Fundo Nacional de Segurança e Educação do Trânsito ","4097"
"2003","Estudos para Inserção Curricular de Educação para o Trânsito no Sistema de Ensino","1769","Fundo Nacional de Segurança e Educação do Trânsito","0"
"2003","Estudos para Inserção Curricular de Educação para o Trânsito no Sistema de Ensino","1769","Fundo Nacional de Segurança e Educação do Trânsito ","0"
"2003","Implantação da Municipalização do Trânsito","3819","Ministério da Justiça","0"
"2003","Implantação da Municipalização do Trânsito","3819","Ministério das Cidades","52456.33"
"2003","Implantação do Sistema Nacional de Estatística de Trânsito - SINET","1802","Ministério da Justiça","0"
"2003","Implantação do Sistema Nacional de Estatística de Trânsito - SINET","1802","Ministério das Cidades","0"
"2003","Inspeção dos Órgãos de Trânsito","2716","Ministério da Justiça","0"
"2003","Inspeção dos Órgãos de Trânsito","2716","Ministério das Cidades","887372.86"
"2003","Patrulhamento Ostensivo e Controle de Trânsito nas Rodovias e Estradas Federais","2723","Departamento de Polícia Rodoviária Federal","36338717.09"
"2003","Sistema Nacional de Estatística de Trânsito - SINET","2741","Fundo Nacional de Segurança e Educação do Trânsito","0"
"2003","Sistema Nacional de Estatística de Trânsito - SINET","2741","Fundo Nacional de Segurança e Educação do Trânsito ","69091.30"
"2003","Vigilância e Fiscalização do Trânsito Interestadual de Animais e seus Produtos","2139","Ministério da Agricultura, Pecuária e Abastecimento","13060393.77"
"2003","Vigilância e Fiscalização do Trânsito Interestadual de Vegetais e seus Produtos","2134","Ministério da Agricultura, Pecuária e Abastecimento","5607133.46"
"2003","Vigilância e Fiscalização do Trânsito Internacional de Animais e seus Produtos","2181","Ministério da Agricultura, Pecuária e Abastecimento","2404554.97"
"2003","Vigilância e Fiscalização do Trânsito Internacional de Vegetais e seus Produtos","2180","Ministério da Agricultura, Pecuária e Abastecimento","1471955.61"
"2004","Apoio à Capacitação de Agentes do Sistema Nacional de Trânsito","0626","Fundo Nacional de Segurança e Educação do Trânsito","58411.08"
"2004","Educação para a Cidadania no Trânsito","4414","Fundo Nacional de Segurança e Educação do Trânsito","1095619.64"
"2004","Fomento a Pesquisa e Desenvolvimento Tecnológico na Área de Trânsito","4398","Fundo Nacional de Segurança e Educação do Trânsito","275000"
"2004","Fomento a Projetos destinados à Redução de Acidentes no Trânsito","1243","Fundo Nacional de Segurança e Educação do Trânsito","200000"
"2004","Fomento a Projetos destinados à Redução de Acidentes no Trânsito","1243","Ministério das Cidades","108715.89"
"2004","Formulação da Política Nacional de Trânsito","4402","Fundo Nacional de Segurança e Educação do Trânsito","148859.07"
"2004","Implantação e Integração de Sistemas de Dados e Informações do Sistema Nacional de Trânsito","5162","Fundo Nacional de Segurança e Educação do Trânsito","67451.64"
"2004","Julgamento de Recursos Administrativos a Multas de Trânsito","4482","Departamento Nacional de Infra-Estrutura de Transportes - DNIT","284344.34"
"2004","Melhoria da Fiscalização de Trânsito pelos Órgãos do Sistema Nacional de Trânsito","4408","Fundo Nacional de Segurança e Educação do Trânsito","298687.76"
"2004","Melhoria da Fiscalização de Trânsito pelos Órgãos do Sistema Nacional de Trânsito","4408","Ministério das Cidades","117184.62"
"2004","Patrulhamento Ostensivo e Controle de Trânsito nas Rodovias Federais","2723","Departamento de Polícia Rodoviária Federal","30150256.30"
"2004","Remuneração dos Departamentos Estaduais de Trânsito e de Outras Entidades pelo Processamento de Infrações ao Código Brasileiro de Trânsito","86A1","Departamento de Polícia Rodoviária Federal","0"
"2004","Sistema de Informações do Sistema Nacional de Trânsito","4410","Fundo Nacional de Segurança e Educação do Trânsito","36226012.61"
"2004","Vigilância e Fiscalização do Trânsito Interestadual de Animais e seus Produtos","2139","Ministério da Agricultura, Pecuária e Abastecimento","1814649.29"
"2004","Vigilância e Fiscalização do Trânsito Interestadual de Vegetais e seus Produtos","2134","Ministério da Agricultura, Pecuária e Abastecimento","2390739.56"
"2004","Vigilância e Fiscalização do Trânsito Interestadual de Vegetais e seus Produtos (Crédito Extraordinário)","8505","Ministério da Agricultura, Pecuária e Abastecimento","1034849.30"
"2004","Vigilância e Fiscalização do Trânsito Internacional de Animais e seus Produtos","2181","Ministério da Agricultura, Pecuária e Abastecimento","346162.37"
"2004","Vigilância e Fiscalização do Trânsito Internacional de Vegetais e seus Produtos","2180","Ministério da Agricultura, Pecuária e Abastecimento","597145.64"
"2005","Capacitação de Profissionais do Sistema Nacional de Trânsito","6622","Fundo Nacional de Segurança e Educação do Trânsito","788973.83"
"2005","Educação para a Cidadania no Trânsito","4414","Fundo Nacional de Segurança e Educação do Trânsito","2622680.10"
"2005","Fomento a Pesquisa e Desenvolvimento Tecnológico na Área de Trânsito","4398","Fundo Nacional de Segurança e Educação do Trânsito","587400"
"2005","Fomento a Projetos Destinados à Redução de Acidentes no Trânsito","8487","Fundo Nacional de Segurança e Educação do Trânsito","2591.90"
"2005","Fomento a Projetos Destinados à Redução de Acidentes no Trânsito","8487","Ministério das Cidades","6617.94"
"2005","Implantação e Integração de Sistemas de Dados e Informações do Sistema Nacional de Trânsito","5162","Fundo Nacional de Segurança e Educação do Trânsito","1285.1"
"2005","Julgamento de Recursos Administrativos a Multas de Trânsito","4482","Departamento Nacional de Infra-Estrutura de Transportes - DNIT","173043.87"
"2005","Melhoria da Fiscalização de Trânsito pelos Órgãos do Sistema Nacional de Trânsito","4408","Fundo Nacional de Segurança e Educação do Trânsito","2886.37"
"2005","Melhoria da Fiscalização de Trânsito pelos Órgãos do Sistema Nacional de Trânsito","4408","Ministério das Cidades","0"
"2005","Policiamento Ostensivo e Controle de Trânsito na Malha Rodoviária                             ","2723","Departamento de Polícia Rodoviária Federal","37289839.96"
"2005","Remuneração dos Departamentos Estaduais de Trânsito e de Outras Entidades pelo Processamento de Infrações ao Código Brasileiro de Trânsito                ","86A1","Departamento de Polícia Rodoviária Federal","12849910.12"
"2005","Sistema de Informações do Sistema Nacional de Trânsito","4410","Fundo Nacional de Segurança e Educação do Trânsito","39423708.19"
"2005","Vigilância e Fiscalização do Trânsito Interestadual de Animais e seus Produtos","2139","Ministério da Agricultura, Pecuária e Abastecimento","2064147.41"
"2005","Vigilância e Fiscalização do Trânsito Interestadual de Vegetais e seus Produtos","2134","Ministério da Agricultura, Pecuária e Abastecimento","1804591.57"
"2005","Vigilância e Fiscalização do Trânsito Internacional de Animais e seus Produtos","2181","Ministério da Agricultura, Pecuária e Abastecimento","973862.47"
"2005","Vigilância e Fiscalização do Trânsito Internacional de Vegetais e seus Produtos","2180","Ministério da Agricultura, Pecuária e Abastecimento","1159988.31"
"2006","Capacitação de Profissionais do Sistema Nacional de Trânsito","6622","Fundo Nacional de Segurança e Educação do Trânsito - FUNSET","3584426.73"
"2006","Educação para a Cidadania no Trânsito","4414","Fundo Nacional de Segurança e Educação do Trânsito - FUNSET","1981067.49"
"2006","Fomento a Pesquisa e Desenvolvimento Tecnológico na Área de Trânsito","4398","Fundo Nacional de Segurança e Educação do Trânsito - FUNSET","240873.33"
"2006","Fomento a Projetos Destinados à Redução de Acidentes no Trânsito","8487","Fundo Nacional de Segurança e Educação do Trânsito - FUNSET","0"
"2006","Fomento a Projetos Destinados à Redução de Acidentes no Trânsito","8487","Ministério das Cidades","0"
"2006","Implantação e Integração de Sistemas de Dados e Informações do Sistema Nacional de Trânsito","5162","Fundo Nacional de Segurança e Educação do Trânsito - FUNSET","343814.98"
"2006","Julgamento de Recursos Administrativos a Multas de Trânsito","4482","Departamento Nacional de Infra-Estrutura de Transportes - DNIT","152343.74"
"2006","Melhoria da Fiscalização de Trânsito pelos Órgãos do Sistema Nacional de Trânsito","4408","Fundo Nacional de Segurança e Educação do Trânsito - FUNSET","240010"
"2006","Melhoria da Fiscalização de Trânsito pelos Órgãos do Sistema Nacional de Trânsito","4408","Ministério das Cidades","0"
"2006","Processamento, Remuneração dos Departamentos Estaduais de Trânsito e Arrecadação de Multas Aplicadas pela Polícia Rodoviária Federal","86A1","Departamento de Polícia Rodoviária Federal","10505347.66"
"2006","Sistema de Informações do Sistema Nacional de Trânsito","4410","Fundo Nacional de Segurança e Educação do Trânsito - FUNSET","34865874.11"
"2006","Vigilância e Fiscalização do Trânsito Interestadual de Animais e seus Produtos","2139","Ministério da Agricultura, Pecuária e Abastecimento","974459.38"
"2006","Vigilância e Fiscalização do Trânsito Interestadual de Vegetais e seus Produtos","2134","Ministério da Agricultura, Pecuária e Abastecimento","1962063.93"
"2006","Vigilância e Fiscalização do Trânsito Internacional de Animais e seus Produtos","2181","Ministério da Agricultura, Pecuária e Abastecimento","1564194.18"
"2006","Vigilância e Fiscalização do Trânsito Internacional de Vegetais e seus Produtos","2180","Ministério da Agricultura, Pecuária e Abastecimento","1194448.81"
"2007","Capacitação de Profissionais do Sistema Nacional de Trânsito","6622","Fundo Nacional de Segurança e Educação do Trânsito - FUNSET","1250776"
"2007","Educação para a Cidadania no Trânsito","4414","Fundo Nacional de Segurança e Educação do Trânsito - FUNSET","3626949.03"
"2007","Fomento a Pesquisa e Desenvolvimento Tecnológico na Área de Trânsito","4398","Fundo Nacional de Segurança e Educação do Trânsito - FUNSET","118648.02"
"2007","Fomento a Projetos Destinados à Redução de Acidentes no Trânsito","8487","Fundo Nacional de Segurança e Educação do Trânsito - FUNSET","950000"
"2007","Fomento a Projetos Destinados à Redução de Acidentes no Trânsito","8487","Ministério das Cidades","50000"
"2007","Implantação e Integração de Sistemas de Dados e Informações do Sistema Nacional de Trânsito","5162","Fundo Nacional de Segurança e Educação do Trânsito - FUNSET","0"
"2007","Julgamento de Recursos Administrativos a Multas de Trânsito","4482","Departamento Nacional de Infra-Estrutura de Transportes - DNIT","0"
"2007","Melhoria da Fiscalização de Trânsito pelos Órgãos do Sistema Nacional de Trânsito","4408","Fundo Nacional de Segurança e Educação do Trânsito - FUNSET","450000"
"2007","Melhoria da Fiscalização de Trânsito pelos Órgãos do Sistema Nacional de Trânsito","4408","Ministério das Cidades","50000"
"2007","Processamento, Remuneração dos Departamentos Estaduais de Trânsito e Arrecadação de Multas Aplicadas pela Polícia Rodoviária Federal","86A1","Departamento de Polícia Rodoviária Federal","17417473.95"
"2007","Sistema de Informações do Sistema Nacional de Trânsito","4410","Fundo Nacional de Segurança e Educação do Trânsito - FUNSET","70731101.60"
"2007","Vigilância e Fiscalização do Trânsito Interestadual de Animais e seus Produtos","2139","Ministério da Agricultura, Pecuária e Abastecimento","1226144.25"
"2007","Vigilância e Fiscalização do Trânsito Interestadual de Vegetais e seus Produtos","2134","Ministério da Agricultura, Pecuária e Abastecimento","2494900.38"
"2007","Vigilância e Fiscalização do Trânsito Internacional de Animais e seus Produtos","2181","Ministério da Agricultura, Pecuária e Abastecimento","1578611.35"
"2007","Vigilância e Fiscalização do Trânsito Internacional de Vegetais e seus Produtos","2180","Ministério da Agricultura, Pecuária e Abastecimento","2578206.70"
"2008","Capacitação de Profissionais do Sistema Nacional de Trânsito","6622","Fundo Nacional de Segurança e Educação do Trânsito - FUNSET","2197900.55"
"2008","Educação de Trânsito para Usuários das Rodovias Federais","8692","Departamento de Polícia Rodoviária Federal","72698.75"
"2008","Educação para a Cidadania no Trânsito","4414","Fundo Nacional de Segurança e Educação do Trânsito - FUNSET","1922282"
"2008","Fomento a Pesquisa e Desenvolvimento na Área de Trânsito","4398","Fundo Nacional de Segurança e Educação do Trânsito - FUNSET","898587.79"
"2008","Fomento a Projetos Destinados à Redução de Acidentes no Trânsito","8487","Fundo Nacional de Segurança e Educação do Trânsito - FUNSET","3928029"
"2008","Fortalecimento Institucional dos Órgãos e Entidades do Sistema Nacional de Trânsito - SNT","8028","Fundo Nacional de Segurança e Educação do Trânsito - FUNSET","236004.72"
"2008","Julgamento de Recursos Administrativos a Multas de Trânsito","4482","Departamento Nacional de Infra-Estrutura de Transportes - DNIT","0"
"2008","Sistema de Informações do Sistema Nacional de Trânsito","4410","Fundo Nacional de Segurança e Educação do Trânsito - FUNSET","55722039.18"
"2008","Vigilância e Fiscalização do Trânsito Interestadual de Animais, seus Produtos e Insumos","2139","Ministério da Agricultura, Pecuária e Abastecimento","940605.95"
"2008","Vigilância e Fiscalização do Trânsito Interestadual de Vegetais, seus Produtos e Insumos","2134","Ministério da Agricultura, Pecuária e Abastecimento","4017937.55"
"2008","Vigilância e Fiscalização do Trânsito Internacional de Animais, seus Produtos e Insumos","2181","Ministério da Agricultura, Pecuária e Abastecimento","1912091.89"
"2008","Vigilância e Fiscalização do Trânsito Internacional de Vegetais, seus Produtos e Insumos","2180","Ministério da Agricultura, Pecuária e Abastecimento","2238089.89"
"2009","Capacitação de Profissionais do Sistema Nacional de Trânsito","6622","Fundo Nacional de Segurança e Educação do Trânsito - FUNSET","3680599.8"
"2009","Educação de Trânsito para Usuários das Rodovias Federais","8692","Departamento de Polícia Rodoviária Federal","232499.50"
"2009","Educação para a Cidadania no Trânsito","4414","Fundo Nacional de Segurança e Educação do Trânsito - FUNSET","7511704.2"
"2009","Fomento a Pesquisa e Desenvolvimento na Área de Trânsito","4398","Fundo Nacional de Segurança e Educação do Trânsito - FUNSET","560600"
"2009","Fomento a Projetos Destinados à Redução de Acidentes no Trânsito","8487","Fundo Nacional de Segurança e Educação do Trânsito - FUNSET","0"
"2009","Fortalecimento Institucional dos Órgãos e Entidades do Sistema Nacional de Trânsito - SNT","8028","Fundo Nacional de Segurança e Educação do Trânsito - FUNSET","0"
"2009","Julgamento de Recursos Administrativos a Multas de Trânsito","4482","Departamento Nacional de Infra-Estrutura de Transportes - DNIT","0"
"2009","Sistema de Informações do Sistema Nacional de Trânsito","4410","Fundo Nacional de Segurança e Educação do Trânsito - FUNSET","90489281.76"
"2009","Vigilância e Fiscalização do Trânsito Interestadual de Animais, seus Produtos e Insumos","2139","Ministério da Agricultura, Pecuária e Abastecimento","36972.61"
"2009","Vigilância e Fiscalização do Trânsito Interestadual de Vegetais, seus Produtos e Insumos","2134","Ministério da Agricultura, Pecuária e Abastecimento","6226314.26"
"2009","Vigilância e Fiscalização do Trânsito Internacional de Animais, seus Produtos e Insumos","2181","Ministério da Agricultura, Pecuária e Abastecimento","2684500.40"
"2009","Vigilância e Fiscalização do Trânsito Internacional de Vegetais, seus Produtos e Insumos","2180","Ministério da Agricultura, Pecuária e Abastecimento","2814348.87"
"2010","Capacitação de Profissionais do Sistema Nacional de Trânsito","6622","Fundo Nacional de Segurança e Educação do Trânsito - FUNSET","5924057.55"
"2010","Educação de Trânsito para Usuários das Rodovias Federais","8692","Departamento de Polícia Rodoviária Federal","513922.14"
"2010","Educação para a Cidadania no Trânsito","4414","Fundo Nacional de Segurança e Educação do Trânsito - FUNSET","138893.43"
"2010","Fomento a Pesquisa e Desenvolvimento na Área de Trânsito","4398","Fundo Nacional de Segurança e Educação do Trânsito - FUNSET","74930"
"2010","Fomento a Projetos Destinados à Redução de Acidentes no Trânsito","8487","Fundo Nacional de Segurança e Educação do Trânsito - FUNSET","0"
"2010","Fortalecimento Institucional dos Órgãos e Entidades do Sistema Nacional de Trânsito - SNT","8028","Fundo Nacional de Segurança e Educação do Trânsito - FUNSET","0"
"2010","Julgamento de Recursos Administrativos a Multas de Trânsito","4482","Departamento Nacional de Infra-Estrutura de Transportes - DNIT","100717.6"
"2010","Sistema de Informações do Sistema Nacional de Trânsito","4410","Fundo Nacional de Segurança e Educação do Trânsito - FUNSET","52800219.14"
"2010","Vigilância e Fiscalização do Trânsito Interestadual de Animais, seus Produtos e Insumos","2139","Ministério da Agricultura, Pecuária e Abastecimento","36230.38"
"2010","Vigilância e Fiscalização do Trânsito Interestadual de Vegetais, seus Produtos e Insumos","2134","Ministério da Agricultura, Pecuária e Abastecimento","1848207.70"
"2010","Vigilância e Fiscalização do Trânsito Internacional de Animais, seus Produtos e Insumos","2181","Ministério da Agricultura, Pecuária e Abastecimento","2281140.59"
"2010","Vigilância e Fiscalização do Trânsito Internacional de Vegetais, seus Produtos e Insumos","2180","Ministério da Agricultura, Pecuária e Abastecimento","2642271.77"
"2011","Capacitação de Profissionais do Sistema Nacional de Trânsito","6622","Fundo Nacional de Segurança e Educação do Trânsito - FUNSET","0"
"2011","Educação de Trânsito para Usuários das Rodovias Federais","8692","Departamento de Polícia Rodoviária Federal","475586.00"
"2011","Educação para a Cidadania no Trânsito","4414","Fundo Nacional de Segurança e Educação do Trânsito - FUNSET","750335.27"
"2011","Fomento a Pesquisa e Desenvolvimento na Área de Trânsito","4398","Fundo Nacional de Segurança e Educação do Trânsito - FUNSET","0"
"2011","Fomento a Projetos Destinados à Redução de Acidentes no Trânsito","8487","Fundo Nacional de Segurança e Educação do Trânsito - FUNSET","0"
"2011","Fortalecimento Institucional dos Órgãos e Entidades do Sistema Nacional de Trânsito - SNT","8028","Fundo Nacional de Segurança e Educação do Trânsito - FUNSET","0"
"2011","Julgamento de Recursos Administrativos a Multas de Trânsito","4482","Departamento Nacional de Infra-Estrutura de Transportes - DNIT","0"
"2011","Sistema de Informações do Sistema Nacional de Trânsito","4410","Fundo Nacional de Segurança e Educação do Trânsito - FUNSET","108301580.09"
"2011","Vigilância e Fiscalização do Trânsito Interestadual de Animais, seus Produtos e Insumos","2139","Ministério da Agricultura, Pecuária e Abastecimento","174880.64"
"2011","Vigilância e Fiscalização do Trânsito Interestadual de Vegetais, seus Produtos e Insumos","2134","Ministério da Agricultura, Pecuária e Abastecimento","11949624.96"
"2011","Vigilância e Fiscalização do Trânsito Internacional de Animais, seus Produtos e Insumos","2181","Ministério da Agricultura, Pecuária e Abastecimento","2649495.29"
"2011","Vigilância e Fiscalização do Trânsito Internacional de Vegetais, seus Produtos e Insumos","2180","Ministério da Agricultura, Pecuária e Abastecimento","3131793.67"
"2012","Apoio ao Fortalecimento Institucional do Sistema Nacional de Trânsito","20YZ","Fundo Nacional de Segurança e Educação do Trânsito - FUNSET","0"
"2012","Capacitação de Profissionais do Sistema Nacional de Trânsito","6622","Fundo Nacional de Segurança e Educação do Trânsito - FUNSET","0"
"2012","Educação para a Cidadania no Trânsito","4414","Fundo Nacional de Segurança e Educação do Trânsito - FUNSET","2297319.15"
"2012","Fomento a Projetos Destinados à Redução de Acidentes no Trânsito","8487","Fundo Nacional de Segurança e Educação do Trânsito - FUNSET","1803912.6"
"2012","Fomento à Pesquisa e Desenvolvimento na Área de Trânsito","4398","Fundo Nacional de Segurança e Educação do Trânsito - FUNSET","0"
"2012","Fortalecimento Institucional dos Órgãos e Entidades do Sistema Nacional de Trânsito - SNT","8028","Fundo Nacional de Segurança e Educação do Trânsito - FUNSET","1186320.96"
"2012","Implantação do Corredor T5 (Transolimpico) de Trânsito Urbano na Região Metropolitana do Rio de Janeiro","7S32","Ministério das Cidades","0"
"2012","Informações do Sistema Nacional de Trânsito","4410","Fundo Nacional de Segurança e Educação do Trânsito - FUNSET","73359407.79"
"2012","Julgamento de Recursos Administrativos a Multas de Trânsito","4482","Departamento Nacional de Infra-Estrutura de Transportes - DNIT","0"
"2012","Vigilância e Fiscalização do Trânsito Interestadual de Vegetais, seus Produtos e Insumos","2134","Ministério da Agricultura, Pecuária e Abastecimento","3634550.57"
"2012","Vigilância e Fiscalização do Trânsito Internacional de Animais, seus Produtos e Insumos","2181","Ministério da Agricultura, Pecuária e Abastecimento","1542830.03"
"2012","Vigilância e Fiscalização do Trânsito Internacional de Vegetais, seus Produtos e Insumos","2180","Ministério da Agricultura, Pecuária e Abastecimento","1762021.78"
"2013","Apoio ao Fortalecimento Institucional do Sistema Nacional de Trânsito","20YZ","Fundo Nacional de Segurança e Educação do Trânsito - FUNSET","82739387.68"
"2013","Educação para a Cidadania no Trânsito","4414","Fundo Nacional de Segurança e Educação do Trânsito - FUNSET","117500"
"2013","Fomento a Projetos Destinados à Prevenção e Redução de Acidentes no Trânsito","8487","Fundo Nacional de Segurança e Educação do Trânsito - FUNSET","3195"
"2013","Fomento à Pesquisa e Desenvolvimento na Área de Trânsito","4398","Fundo Nacional de Segurança e Educação do Trânsito - FUNSET","0"
"2013","Julgamento de Recursos Administrativos a Multas de Trânsito","4482","Departamento Nacional de Infra-Estrutura de Transportes - DNIT","0"
"2014","Apoio ao Fortalecimento Institucional do Sistema Nacional de Trânsito","20YZ","Fundo Nacional de Segurança e Educação do Trânsito - FUNSET","60934771.12"
"2014","Educação para a Cidadania no Trânsito","4414","Fundo Nacional de Segurança e Educação do Trânsito - FUNSET","1244277.45"
"2014","Fomento a Projetos Destinados à Prevenção e Redução de Acidentes no Trânsito","8487","Fundo Nacional de Segurança e Educação do Trânsito - FUNSET","0"
"2014","Fomento à Pesquisa e Desenvolvimento na Área de Trânsito","4398","Fundo Nacional de Segurança e Educação do Trânsito - FUNSET","203270.92"
"2014","Julgamento de Recursos Administrativos a Multas de Trânsito","4482","Departamento Nacional de Infra-Estrutura de Transportes - DNIT","648565.25"
"2015","Apoio ao Fortalecimento Institucional do Sistema Nacional de Trânsito","20YZ","Fundo Nacional de Segurança e Educação do Trânsito - FUNSET","72495355.45"
"2015","Educação para a Cidadania no Trânsito","4414","Fundo Nacional de Segurança e Educação do Trânsito - FUNSET","116000"
"2015","Fomento a Projetos Destinados à Prevenção e Redução de Acidentes no Trânsito","8487","Fundo Nacional de Segurança e Educação do Trânsito - FUNSET","0"
"2015","Fomento à Pesquisa e Desenvolvimento na Área de Trânsito","4398","Fundo Nacional de Segurança e Educação do Trânsito - FUNSET","0"
"2015","Julgamento de Recursos Administrativos a Multas de Trânsito","4482","Departamento Nacional de Infra-Estrutura de Transportes - DNIT","0"
"2016","Apoio ao Fortalecimento Institucional do Sistema Nacional de Trânsito","20YZ","Fundo Nacional de Segurança e Educação do Trânsito - FUNSET","174239352.87"
"2016","Fomento à Pesquisa e Desenvolvimento na Área de Trânsito","4398","Fundo Nacional de Segurança e Educação do Trânsito - FUNSET","0"
"2016","Julgamento de Recursos Administrativos a Multas de Trânsito","4482","Departamento Nacional de Infra-Estrutura de Transportes - DNIT","494646.63"
"2017","Apoio ao Fortalecimento Institucional do Sistema Nacional de Trânsito","20YZ","Fundo Nacional de Segurança e Educação do Trânsito - FUNSET","135769697.38"
"2017","Educação para a Cidadania no Trânsito","4414","Fundo Nacional de Segurança e Educação do Trânsito - FUNSET","95000"
"2017","Fomento a Projetos Destinados à Prevenção e Redução de Acidentes no Trânsito","8487","Fundo Nacional de Segurança e Educação do Trânsito - FUNSET","0"
"2017","Fomento à Pesquisa e Desenvolvimento na Área de Trânsito","4398","Fundo Nacional de Segurança e Educação do Trânsito - FUNSET","0"
"2017","Julgamento de Recursos Administrativos a Multas de Trânsito","4482","Departamento Nacional de Infra-Estrutura de Transportes - DNIT","1046320.80"
"2018","Apoio ao Fortalecimento Institucional do Sistema Nacional de Trânsito","20YZ","Fundo Nacional de Segurança e Educação do Trânsito - FUNSET","90933316.80"
"2018","Educação para a Cidadania no Trânsito","4414","Fundo Nacional de Segurança e Educação do Trânsito - FUNSET","0"
"2018","Fomento à Pesquisa e Desenvolvimento na Área de Trânsito","4398","Fundo Nacional de Segurança e Educação do Trânsito - FUNSET","0"
"2018","Julgamento de Recursos Administrativos a Multas de Trânsito","4482","Departamento Nacional de Infra-Estrutura de Transportes - DNIT","899373.37"
"2019","Apoio ao Fortalecimento Institucional do Sistema Nacional de Trânsito","20YZ","Fundo Nacional de Segurança e Educação do Trânsito - FUNSET","73613661.87"
"2019","Educação para a Cidadania no Trânsito","4414","Fundo Nacional de Segurança e Educação do Trânsito - FUNSET","0"
"2019","Fomento à Pesquisa e Desenvolvimento na Área de Trânsito","4398","Fundo Nacional de Segurança e Educação do Trânsito - FUNSET","0"
"2019","Julgamento de Recursos Administrativos a Multas de Trânsito","4482","Departamento Nacional de Infra-Estrutura de Transportes - DNIT","581711.69"
"2019","Policiamento Ostensivo nas Rodovias e Estradas Federais, Combate à Violência no Trânsito e Ações Educativas","2723","Departamento de Polícia Rodoviária Federal","144750270.29"
"2020","Apoio ao Fortalecimento Institucional do Sistema Nacional de Trânsito","20YZ","Fundo Nacional de Segurança e Educação do Trânsito - FUNSET","72064330.33"
"2020","Educação para a Cidadania no Trânsito","4414","Fundo Nacional de Segurança e Educação do Trânsito - FUNSET","0"
"2020","Julgamento de Recursos Administrativos a Multas de Trânsito","4482","Departamento Nacional de Infra-Estrutura de Transportes - DNIT","270000"
"2020","Julgamento de Recursos Administrativos a Multas de Trânsito","4482","Recursos sob Supervisão do Departamento Nacional de Infra-Estrutura de Transportes - DNIT","0"
"2021","Apoio ao Fortalecimento Institucional do Sistema Nacional de Trânsito","20YZ","Fundo Nacional de Segurança e Educação do Trânsito - FUNSET","53792"
"2021","Controle de Trânsito na Malha Rodoviária Federal","2036","Departamento Nacional de Infra-Estrutura de Transportes - DNIT","112675839.86"
"2021","Julgamento de Recursos Administrativos a Multas de Trânsito","4482","Departamento Nacional de Infra-Estrutura de Transportes - DNIT","967375"
"2021","Julgamento de Recursos Administrativos a Multas de Trânsito","4482","Recursos do Departamento Nacional de Infra-Estrutura de Transportes - DNIT(39252)","0"
"2022","Apoio ao Fortalecimento Institucional do Sistema Nacional de Trânsito","20YZ","Fundo Nacional de Segurança e Educação do Trânsito - FUNSET","1358807.20"
"2022","Controle de Trânsito na Malha Rodoviária Federal","2036","Departamento Nacional de Infra-Estrutura de Transportes - DNIT","172773651.75"
"2022","Julgamento de Recursos Administrativos a Multas de Trânsito","4482","Departamento Nacional de Infra-Estrutura de Transportes - DNIT","500000"
"2022","Operação de Pesagem e Autorizações Especiais de Trânsito de Veículos","2325","Departamento Nacional de Infra-Estrutura de Transportes - DNIT","17765137.47"
"2023","Apoio ao Fortalecimento Institucional do Sistema Nacional de Trânsito","20YZ","Fundo Nacional de Segurança e Educação do Trânsito - FUNSET","1385000"
"2023","Controle de Trânsito na Malha Rodoviária Federal","2036","Departamento Nacional de Infraestrutura de Transportes - DNIT","165176164.26"
"2023","Julgamento de Recursos Administrativos a Multas de Trânsito","4482","Departamento Nacional de Infraestrutura de Transportes - DNIT","11154.72"
"2023","Operação de Pesagem e Autorizações Especiais de Trânsito de Veículos","2325","Departamento Nacional de Infraestrutura de Transportes - DNIT","49666497.49"
"2024","Controle de Trânsito na Malha Rodoviária Federal","2036","Departamento Nacional de Infraestrutura de Transportes - DNIT","1067309.18"
"2024","Desenvolvimento de Melhorias em Locais Críticos de Sinistros de Trânsito em municípios","21G6","Fundo Nacional de Segurança e Educação do Trânsito - FUNSET","0"
"2024","Julgamento de Recursos Administrativos a Multas de Trânsito","4482","Departamento Nacional de Infraestrutura de Transportes - DNIT","0"
"2024","Operação de Pesagem e Autorizações Especiais de Trânsito de Veículos","2325","Departamento Nacional de Infraestrutura de Transportes - DNIT","1319329.61"
"2024","Promoção do Fortalecimento Institucional do Sistema Nacional de Trânsito","20YZ","Fundo Nacional de Segurança e Educação do Trânsito - FUNSET","0"
